classification	sessionId	first_ts	last_ts	n_prompts	feature_score	exclude_score	projects	first_prompt
FEATURE	d1904aeb-d1d9-45b8-bace-ded56c64538f	2026-03-04T09:19:03.469000	2026-03-05T10:30:27.316000	107	10	0	<LOCAL_WORKSPACE>	i was working on https://github.com/promptdriven/pdd/issues/610 but i moved to some other repo and i was making this, can you help me find it
FEATURE	fdf3d1f0-c653-4a48-b5e0-d7f5387508c3	2026-03-04T10:32:32.555000	2026-03-06T09:27:48.538000	180	2	0	<LOCAL_WORKSPACE>	i think pdd has lot of problem where it references wrong api endpoints wrong stuff, find me all issues create on my fork, gltanaka, pdd cloud on this give me full list and explain
FEATURE	33030537-d32d-4298-b269-7a13379a1395	2026-03-04T10:50:36.078000	2026-03-04T10:55:19.162000	2	1	0	<LOCAL_WORKSPACE>	can you look at pdd-cloud-hackthon, how the backend functions, are i want to fix the path strucutre of it, see firebase from where to the calls happens, i think there are lot of duplicates so i want t
FEATURE	5ebce295-e785-4160-8b30-489a73307b5b	2026-03-04T11:18:19.505000	2026-03-04T11:21:29.695000	3	2	0	<LOCAL_WORKSPACE>	https://github.com/promptdriven/pdd_cloud/issues/523 what happened
FEATURE	01fd813b-2ce5-4500-b940-ba63c66978b7	2026-03-04T12:01:01.481000	2026-03-04T12:01:01.481000	1	2	0	<LOCAL_WORKSPACE>	https://github.com/promptdriven/pdd_cloud/issues/523 check progress on this using gcloud logs
FEATURE	92b717df-a0b8-4f20-9e60-f9c48d4a533f	2026-03-04T12:05:44.107000	2026-03-04T12:06:51.972000	2	4	0	<LOCAL_WORKSPACE>	https://github.com/promptdriven/pdd_cloud/issues/523 look at the issue and fully understan it
FEATURE	c70607ad-5222-43f5-8375-f172b55ca26d	2026-03-04T12:14:33.390000	2026-03-04T12:14:42.861000	2	4	0	<LOCAL_WORKSPACE>	https://github.com/promptdriven/pdd_cloud/issues/523 look at the issue and fully understan it                  and go through whole pdd and understand it fully
FEATURE	17a88476-b8c5-4801-a519-a8d48d50ce7b	2026-03-04T13:06:10.239000	2026-03-04T13:12:25.124000	2	3	0	<LOCAL_WORKSPACE>	https://github.com/promptdriven/pdd_cloud/issues/523 look at this issue and fully understand pdd workflow
FEATURE	108969ad-4fd1-4c25-933f-6554f772279e	2026-03-04T13:20:22.049000	2026-03-04T15:49:50.862000	32	3	0	<LOCAL_WORKSPACE>	https://github.com/promptdriven/pdd_cloud/issues/523 what caused the pdd change to retrigger? i just had label it completed, but pdd change retrigger
FEATURE	9343ffcb-d8a6-44ae-bb56-6a24b68da1d8	2026-03-04T16:19:41.984000	2026-03-04T16:19:41.984000	1	3	0	<LOCAL_WORKSPACE>	https://github.com/promptdriven/pdd_cloud/pull/524/changes can you fully review this pr end to end and see if it fully resolves the issue https://github.com/promptdriven/pdd_cloud/issues/523 and is th
FEATURE	528e6f50-0cae-409b-943a-19bf2a0a3a9c	2026-03-04T17:08:47.117000	2026-03-04T17:08:47.117000	1	2	0	<LOCAL_WORKSPACE>	https://github.com/promptdriven/pdd_cloud/issues/523 reivew this issue fully and the pdd, and also see the pr associated with it
FEATURE	841f0792-c4cb-425e-a8d7-87b3eae53051	2026-03-04T17:39:33.855000	2026-03-04T18:03:14.406000	2	2	0	<LOCAL_WORKSPACE>	https://github.com/promptdriven/pdd_cloud/issues/523 reivew this issue and the pr associated with it and fully understand the pdd, and see if we have any problems
FEATURE	e604aaf8-dc98-4924-846d-6e456a345d29	2026-03-04T17:44:06.791000	2026-03-04T19:19:49.391000	5	1	0	<LOCAL_WORKSPACE>/pdd_cloud/extensions/github_pdd_app	https://github.com/gltanaka/pdd/pull/711 can you see if this requires writing code for this pr or no,
FEATURE	52b27bc6-1438-4343-8507-755a27bbb682	2026-03-05T10:18:02.278000	2026-03-05T14:02:59.418000	20	7	0	<LOCAL_WORKSPACE>	https://github.com/promptdriven/pdd_cloud/pull/539 can you commit to this branch and push, i want to test something, just add anything this is test pr
FEATURE	a0453d11-484f-4030-8751-d8c029eccfae	2026-03-05T11:05:45.287000	2026-03-06T10:25:03.123000	131	10	0	<LOCAL_WORKSPACE>	give me the flow of it now, what it will do
FEATURE	0bb69cbb-bb09-4bcd-8760-556e364f9f20	2026-03-05T11:08:11.175000	2026-03-05T19:32:17.129000	62	2	0	<LOCAL_WORKSPACE>	can you check if we run agentic command how is output cost calculated and if its stdout or no, does it read csv or no? and also check which agentic commands have step markers, do all of them have or
FEATURE	0587d425-a6ea-495e-9d7d-032482b20f5b	2026-03-05T11:40:24.198000	2026-03-08T19:00:05.087000	137	3	0	<LOCAL_WORKSPACE>	/resume
FEATURE	ecc61c3e-d12d-4fb5-b4bb-282bb06c6ef1	2026-03-05T19:33:31.867000	2026-03-05T20:10:18.839000	8	1	0	<LOCAL_WORKSPACE>	/review https://github.com/promptdriven/pdd_cloud/pull/505
FEATURE	25b28d1b-86c4-4ad8-80e6-339e23b7c968	2026-03-06T11:03:07.036000	2026-03-06T12:02:27.042000	10	1	0	<LOCAL_WORKSPACE>	can you see why i keep getting spammed by device activation
FEATURE	b3a3851c-ac3a-4555-a257-2c3c89ba515a	2026-03-06T12:20:20.989000	2026-03-06T13:54:06.641000	12	1	0	<LOCAL_WORKSPACE>	whats next
FEATURE	0d915642-69e2-4ab7-ab6b-40abb7040393	2026-03-06T14:05:53.914000	2026-03-06T15:08:28.706000	18	3	0	<LOCAL_WORKSPACE>	look at this if you see pdd change failed, why did it ran pdd sync https://github.com/promptdriven/test_repo_2/issues/73 and also https://github.com/promptdriven/test_repo_2/issues/74 for this it aske
FEATURE	ca9dad7a-bce9-40f6-8545-205eb888dddc	2026-03-06T14:09:25.353000	2026-03-06T14:09:25.353000	1	1	0	<LOCAL_WORKSPACE>/pdd_cloud/extensions/github_pdd_app	can you pull from main for pdd_cloud upstream
FEATURE	12996d83-b6f4-46c6-9855-612b99ebcaa5	2026-03-06T15:26:10.772000	2026-03-06T17:45:45.686000	34	7	0	<LOCAL_WORKSPACE>	lets test on staging
FEATURE	8702ca0f-e633-46d3-8acb-036fe6543dda	2026-03-06T18:00:03.573000	2026-03-06T20:12:13.875000	9	5	0	<LOCAL_WORKSPACE>	i did not like the issue you created, we need to define what we want not how to do stuff, make a comprehesnsive detailed what we want, not what to do, dont guide it
FEATURE	6c971e92-e810-40d6-a563-8fa37e322ba7	2026-03-06T18:06:46.944000	2026-03-06T20:54:54.068000	73	2	0	<LOCAL_WORKSPACE>	https://github.com/promptdriven/pdd_cloud/issues/586 why it failing
FEATURE	7acd6e52-0d8e-4d28-a2c0-40f60631e8ce	2026-03-06T20:45:03.915000	2026-03-06T20:55:44.337000	6	2	0	<LOCAL_WORKSPACE>	can you see if a pdd bug is running in github app, and it needs clarification for example in step 3 what it does, like it stops save state, what i need complete flow as i am desining a new command, i
FEATURE	b493ae63-a942-4b6b-a7ab-e71c22236e1b	2026-03-06T20:57:55.747000	2026-03-07T03:10:31.714000	7	2	0	<LOCAL_WORKSPACE>	wait there might be changes needed to prompts also look at this pr https://github.com/gltanaka/pdd/pull/771/changes#diff-2a02957f81a0d9ea0380dbd7df3b6e38d35595744be7d7a26c609968aa711ecd
FEATURE	92eb48cd-e7d8-43f1-9569-0894cf603d70	2026-03-07T09:22:41.123000	2026-03-07T09:47:33.907000	6	2	0	<LOCAL_WORKSPACE>	https://github.com/gltanaka/pdd/issues/769 look at this issue, dont look at the comments or pr, and explain how to fix it where the fixing should happen, see other agentic commands how they handle
FEATURE	ad90ab7a-5ff7-48b2-9511-00975131156b	2026-03-07T09:22:50.213000	2026-03-07T12:37:27.111000	51	7	0	<LOCAL_WORKSPACE>	do you want to test it in staging if its final
FEATURE	7af61cc1-9d33-402f-9cd7-25809d27de73	2026-03-08T16:11:09.380000	2026-03-09T03:47:56.901000	125	20	0	<LOCAL_WORKSPACE>	explain how pdd bug agentic for github app is made
FEATURE	aef2f3b1-936c-447f-8361-b099ec831c71	2026-03-13T04:51:42.072000	2026-03-13T19:58:54.500000	16	8	0	<LOCAL_WORKSPACE>/pdd_cloud/.pdd/worktrees/change-issue-523	/model
FEATURE	4b188a61-7043-409e-8998-6e721a297739	2026-03-13T04:54:19.229000	2026-03-13T07:16:15.362000	11	9	0	<LOCAL_WORKSPACE>/pdd_cloud/.pdd/worktrees/change-issue-523	go through the all three issues i created on pdd_cloud related to autnomous solving, pdd-issue fully understand it, and create me 4 test iissues in test_repo, related to the repo, one should be a simp
FEATURE	93548a1b-ab5c-4558-842a-c358dd6976ed	2026-03-13T09:25:46.987000	2026-03-13T17:03:20.325000	46	4	0	<LOCAL_WORKSPACE>	Fix issue #659: Respect stop conditions in PDD executor to prevent unwanted PRs look at gltanaka and pdd_cloud i made a pr, but i forgot, there might be multiple ones so i want you to find me the perf
FEATURE	6ca1709f-83e4-4647-9909-e53e9dedb694	2026-03-13T09:26:05.861000	2026-03-13T17:05:00.030000	69	3	0	<LOCAL_WORKSPACE>	Github app - app installed but doesn't show in settings, look at gltanaka and pdd_cloud i made a pr, but i       forgot, there might be multiple ones so i want you to find me the perfect fix one and p
FEATURE	48678aed-b1f1-4538-a0a0-aab708a9c357	2026-03-13T09:26:22.064000	2026-03-13T16:33:25.666000	75	1	0	<LOCAL_WORKSPACE>	"Cloud: purchase in settings dashboard fails with CORS violation / ""Mock API"" interactions (see console log) look at gltanaka and pdd_cloud i made a pr, but i                               forgot, ther"
FEATURE	c9312356-adc0-42ac-8337-f2bb254438de	2026-03-13T19:58:35.204000	2026-03-13T19:58:35.204000	1	4	0	<LOCAL_WORKSPACE>/pdd_cloud/.pdd/worktrees/change-issue-523	/resume
FEATURE	d1c4cf6c-0c16-4c96-a8af-528cd8d9288d	2026-03-13T19:59:14.575000	2026-03-13T19:59:14.575000	1	4	0	<LOCAL_WORKSPACE>/pdd_cloud/.pdd/worktrees/change-issue-523	/resume
FEATURE	9819f27a-c3af-4e96-b1b2-c79d6249fd1a	2026-03-13T19:59:23.168000	2026-03-13T19:59:23.168000	1	4	0	<LOCAL_WORKSPACE>/pdd_cloud/.pdd/worktrees/change-issue-523	/resume
FEATURE	a109c7d4-6728-400d-bc3a-3b4be9ee8232	2026-03-13T20:08:34.250000	2026-03-13T20:38:06.338000	8	1	0	<LOCAL_WORKSPACE>	fix-659-perfect give me link to this pr
FEATURE	eada1eed-7399-4253-8ec1-81093fd7b48e	2026-03-14T13:36:06.288000	2026-03-14T18:24:14.961000	34	5	0	<LOCAL_WORKSPACE>/pdd_cloud/.pdd/worktrees/change-issue-523	https://github.com/promptdriven/test_repo/issues can you rremove all labels from all issues in this repo and close all
FEATURE	f83d6958-2e1c-477f-aed5-da5d294bc2cd	2026-03-14T13:42:30.848000	2026-03-14T14:19:06.252000	8	5	0	<LOCAL_WORKSPACE>	can you tell me how make test-cloud works? does it run real agentic commands or waht
FEATURE	98c477f8-e308-4468-b9d1-eb29db4914b0	2026-03-14T17:04:43.957000	2026-03-14T17:04:53.054000	3	4	0	<LOCAL_WORKSPACE>/pdd_cloud/.pdd/worktrees/change-issue-523	dangerously-skip-permissions
FEATURE	aa202ae5-8533-42cc-b5ea-46258bec3c11	2026-03-14T17:04:46.188000	2026-03-14T17:05:00.616000	3	4	0	<LOCAL_WORKSPACE>/pdd_cloud/.pdd/worktrees/change-issue-523	dangerously-skip-permissions
FEATURE	08f5ac6e-83e0-41da-9b36-f13eec63a79b	2026-03-14T17:04:47.003000	2026-03-14T17:04:47.106000	2	4	0	<LOCAL_WORKSPACE>/pdd_cloud/.pdd/worktrees/change-issue-523	dangerously-skip-permissions
FEATURE	1af3e031-debf-46e3-bb95-ef0f43a744e6	2026-03-15T18:36:24.273000	2026-03-16T12:27:28.708000	54	11	0	<LOCAL_WORKSPACE>/pdd_cloud/.pdd/worktrees/change-issue-523	after this we need to investigate on Gemini-pro run https://github.com/promptdriven/test_repo/issues/340, if you see our pdd-issue choose pdd change and pdd sync for this. while pdd change was running
FEATURE	085f5b51-0a4a-4db1-af54-d91073bb82da	2026-03-16T09:57:29.311000	2026-03-16T18:58:10.736000	138	3	0	<LOCAL_WORKSPACE>	find me good issues i can work on, other than serhan, gltanka or jaiman
FEATURE	f435bcc9-f55e-4c91-879a-48c496aa728c	2026-03-16T10:01:22.530000	2026-03-16T17:39:39.006000	29	6	0	<LOCAL_WORKSPACE>/pdd_cloud/.pdd/worktrees/change-issue-523	get this pr on separate worktree https://github.com/promptdriven/pdd_cloud/pull/712 and rebase it with main, and give me pwd, and do end to end analysis of it, if this is still valid right now for the
FEATURE	ee26c0a2-fba8-4654-8df4-26dc55663eea	2026-03-16T10:58:48.958000	2026-03-16T10:58:48.958000	1	4	0	<LOCAL_WORKSPACE>/pdd_cloud/.pdd/worktrees/change-issue-523	/resume
FEATURE	86ff835f-218e-47a6-9482-3d09720a68db	2026-03-16T20:04:04.404000	2026-03-17T13:14:32.067000	25	1	0	<LOCAL_WORKSPACE>	review this pr and issue with it end to end https://github.com/promptdriven/pdd_cloud/pull/737, and comment on it fully review before it goes for prod
FEATURE	de3a5e41-e4c3-4071-a806-487f98c03007	2026-03-17T10:10:53.020000	2026-03-17T11:35:41.430000	17	4	0	<LOCAL_WORKSPACE>/pdd_cloud/.pdd/worktrees/change-issue-523	can you delete all of my issues on test_repo [Pasted text #1 +47 lines] other than latest 3
FEATURE	edb4dc32-902c-48b9-95a2-1492354bb502	2026-03-17T13:11:33.321000	2026-03-17T13:12:29.923000	3	4	0	<LOCAL_WORKSPACE>/pdd_cloud/.pdd/worktrees/change-issue-523	can you look at this branch we adding a new feature, we completed it now working on making a regression test script that is you run creates 5 issues same everytime, runs Gemini model on them and when
FEATURE	1131900c-4ad1-4dfc-b18f-f784b80c4020	2026-03-17T13:13:58.119000	2026-03-19T14:36:08.753000	243	22	0	<LOCAL_WORKSPACE>/pdd_cloud/.pdd/worktrees/change-issue-523	can you look at this branch we adding a new feature, we completed it now working on making a regression test script that is you run creates 5 issues same everytime, runs Gemini model on them and when
FEATURE	a06d1ad5-528a-4d72-8eb8-a1a5d5377e41	2026-03-17T13:22:36.508000	2026-03-18T17:19:32.362000	71	4	0	<LOCAL_WORKSPACE>/pdd_cloud/.pdd/worktrees/change-issue-523	look at pr for 523 and see how good is its verification part
FEATURE	21d0c2e9-f3f1-429c-8b0a-0dfefa492a19	2026-03-17T14:07:58.015000	2026-03-18T15:45:54.267000	105	6	0	<LOCAL_WORKSPACE>/pdd_cloud/.pdd/worktrees/change-issue-523	can you do one thng make a test on pdd_cloud and same on on test_repo label them pdd-bug and pdd-Gemini-flash i want to see how long does it take for it to run full cycle, and keep monitoring seeing w
FEATURE	7556abd2-5ebb-44bb-ad1a-c4260c41214c	2026-03-17T14:14:18.069000	2026-03-17T14:48:35.646000	7	4	0	<LOCAL_WORKSPACE>/pdd_cloud/.pdd/worktrees/change-issue-523	https://github.com/promptdriven/test_repo/issues/618 see whats happening look at gcloud logs why its not moving forward
FEATURE	4ee35663-547f-4a68-9b39-27a702960d20	2026-03-18T12:10:34.176000	2026-03-18T12:10:34.176000	1	4	0	<LOCAL_WORKSPACE>/pdd_cloud/.pdd/worktrees/change-issue-523	/review https://github.com/promptdriven/pdd_cloud/pull/760
FEATURE	6f20b9cf-39cf-4ee9-b183-4d517fb17fd6	2026-03-18T14:30:53.026000	2026-03-18T17:41:25.944000	55	1	0	<LOCAL_WORKSPACE>	basically whats happening i want you to explore .local keys infiscial, i think infisical and local keys should match, then the secret manager gcp has its own, i feel like, and github app has its own,
FEATURE	bbf3cea3-ee43-4140-8ef3-ddd8b5ed3be7	2026-03-18T15:41:53.188000	2026-03-18T15:52:37.314000	7	4	0	<LOCAL_WORKSPACE>/pdd_cloud/.pdd/worktrees/change-issue-523	i have a setting that should not allow you to push to main, then why did you push directly to main, it should never be allowed
FEATURE	5937b057-7663-47f5-ac4e-4bcda7b0f2dd	2026-03-18T16:30:12.047000	2026-03-18T16:33:32.028000	6	4	0	<LOCAL_WORKSPACE>/pdd_cloud/.pdd/worktrees/change-issue-523	[Pasted text #1 +18 lines] you accidently commited this directly to main, the this approach was rejected, basically it was reverted the Gemini one, but the other all came from one pr right?
FEATURE	fc66d80c-2ead-44d5-abbe-3c6b4a2d75f2	2026-03-18T16:48:01.644000	2026-03-18T16:59:48.221000	4	4	0	<LOCAL_WORKSPACE>/pdd_cloud/.pdd/worktrees/change-issue-523	https://github.com/promptdriven/pdd_cloud/pull/741 can you see if this is rebased with origin main and synced with github
FEATURE	37d21bb2-ec40-4b90-a21d-f01028735787	2026-03-19T09:22:35.942000	2026-03-19T14:58:52.801000	36	12	0	<LOCAL_WORKSPACE>/pdd_cloud/.pdd/worktrees/change-issue-523	we made a new feature pdd-issue its on this branch you can investigate and see how it works fully, now we going to build a regression test for this, i have a script, first fully go through the script,
FEATURE	3652561b-83f9-4543-b67c-763acafc6f0c	2026-03-19T09:37:14.474000	2026-03-19T14:11:18.809000	27	1	0	<LOCAL_WORKSPACE>	so i ran pdd change and pdd sync on this https://github.com/promptdriven/pdd_cloud/issues/754, i want you to look at pdd change pr it created 2 prs for it, and then i ran pdd sync, it failed, investig
FEATURE	82ac32a4-4632-41a4-8f64-e5112a4e8b3a	2026-03-19T10:48:18.128000	2026-03-19T11:07:16.862000	9	4	0	<LOCAL_WORKSPACE>/pdd_cloud/.pdd/worktrees/change-issue-523	i made some issues where prompt needed to be changed, and i made prs, can you find them for me
FEATURE	7d3596cd-b223-46d8-a751-1fe7b3f87d96	2026-03-19T13:30:44.229000	2026-03-19T14:14:36.556000	8	6	0	<LOCAL_WORKSPACE>/pdd_cloud/.pdd/worktrees/change-issue-523	can you review this branch deeply and see if anywhere it divates and breaking existing functionality or making its new stuff, the thing i want is that it make use of existing functionality in upstream
FEATURE	7875b553-08bb-4f48-855a-988a22e8002b	2026-03-19T14:09:00.063000	2026-03-19T14:14:44.925000	2	5	0	<LOCAL_WORKSPACE>/pdd_cloud/.pdd/worktrees/change-issue-523	[Pasted text #1 +5 lines] and also keep in mind what pdd-issue is trying to do, basically we want pdd-issue to be new feature, so we just want to add stuff that is necessary, on top of existing stuff
FEATURE	fcaec6ae-32c0-4ac9-ac73-b370b1f9bfe6	2026-03-19T14:21:54.458000	2026-03-23T16:16:51.815000	119	13	0	<LOCAL_WORKSPACE>/pdd_cloud/.pdd/worktrees/change-issue-523	we trying to build a new feature pdd-issue, i am well into it, now i recently rebadsed it with origin main and synced it with github, i am almost done with it, but i did not check if its align with up
FEATURE	4418f0d8-8e0b-4e47-a4e2-ebb9de1cb4e9	2026-03-19T14:45:43.512000	2026-03-19T14:45:43.512000	1	5	0	<LOCAL_WORKSPACE>/pdd_cloud/.pdd/worktrees/change-issue-523	[Pasted text #1 +5 lines] and also find any issues you think are with pdd-issue
FEATURE	eb213355-e253-4f39-a484-bef67edcd5dd	2026-03-19T14:45:50.343000	2026-03-19T14:45:50.343000	1	4	0	<LOCAL_WORKSPACE>/pdd_cloud/.pdd/worktrees/change-issue-523	[Pasted text #2 +10 lines]
FEATURE	90680561-80a9-4a78-819a-04e832d7ff31	2026-03-19T14:56:50.065000	2026-03-19T14:56:50.065000	1	4	0	<LOCAL_WORKSPACE>/pdd_cloud/.pdd/worktrees/change-issue-523	/resume
FEATURE	e14f2999-9ca8-4542-8d10-7fbad4589cb4	2026-03-19T14:57:00.774000	2026-03-19T14:57:00.774000	1	4	0	<LOCAL_WORKSPACE>/pdd_cloud/.pdd/worktrees/change-issue-523	/resume
FEATURE	a3e3e15b-0408-45af-8e2b-b391a79232bd	2026-03-19T14:57:04.501000	2026-03-19T14:57:04.501000	1	4	0	<LOCAL_WORKSPACE>/pdd_cloud/.pdd/worktrees/change-issue-523	/resume
FEATURE	4edbd3b6-7cf4-4cdb-a2da-428893731528	2026-03-19T14:59:16.605000	2026-03-19T15:07:30.441000	2	4	0	<LOCAL_WORKSPACE>/pdd_cloud/.pdd/worktrees/change-issue-523	[Pasted text #1 +11 lines]
FEATURE	3e42bc70-d136-4862-9511-050dd846a4eb	2026-03-19T14:59:22.091000	2026-03-19T15:07:33.606000	2	4	0	<LOCAL_WORKSPACE>/pdd_cloud/.pdd/worktrees/change-issue-523	[Pasted text #1 +11 lines]
FEATURE	4c04c75f-6a9f-4188-80d5-9db2941752fb	2026-03-19T20:39:20.139000	2026-03-19T20:51:10.628000	3	4	0	<LOCAL_WORKSPACE>/pdd_cloud/.pdd/worktrees/change-issue-523	/review https://github.com/promptdriven/pdd_cloud/pull/765
FEATURE	9a83ba97-909d-4c80-aaaf-df219099f93c	2026-03-21T10:38:36.197000	2026-03-21T10:38:36.197000	1	4	0	<LOCAL_WORKSPACE>/pdd_cloud/.pdd/worktrees/change-issue-523	/resume
FEATURE	2f980bb4-4026-4c24-be55-44e82eb1ec8e	2026-03-23T09:07:13.199000	2026-03-24T14:09:56.376000	68	6	0	<LOCAL_WORKSPACE>/pdd_cloud/.pdd/worktrees/change-issue-523	find me good issues i can work on
FEATURE	71680d94-c9b6-4f81-aa3a-8318956ce947	2026-03-23T09:57:42.273000	2026-03-23T10:12:43.051000	3	4	0	<LOCAL_WORKSPACE>/pdd_cloud/.pdd/worktrees/change-issue-523	can you find all of issues created by me, and see i want you to go through all of them, not the ones on project engineering, i want you to one by one on them, and see if they open and see if they stil
FEATURE	339b344c-c762-4f79-8a8b-35cab58f008e	2026-03-23T10:11:38.827000	2026-03-23T14:38:12.423000	20	4	0	<LOCAL_WORKSPACE>/pdd_cloud/.pdd/worktrees/change-issue-523	https://github.com/promptdriven/pdd_cloud/pull/767 i want you to look at this issue and the pr associated with it, i think there may also be relevant issue feedback, gather all the info and explain
FEATURE	e0852ae6-dec1-4d7b-9359-2967aff5fbd0	2026-03-23T10:17:55.233000	2026-03-23T15:01:12.316000	25	4	0	<LOCAL_WORKSPACE>/pdd_cloud/.pdd/worktrees/change-issue-523	find me the issue and pr realted to infisical keys, like where we have to update keys
FEATURE	c5a08c57-17af-4a64-b4e5-18d07b907e83	2026-03-23T12:41:58.054000	2026-03-23T12:43:46.331000	3	4	0	<LOCAL_WORKSPACE>/pdd_cloud/.pdd/worktrees/change-issue-523	can you check if i am reate limited by github api for comments and fetech
FEATURE	075b9233-05cb-4866-b9db-d11dd401a1fc	2026-03-23T13:42:17.397000	2026-03-23T13:42:17.397000	1	4	0	<LOCAL_WORKSPACE>/pdd_cloud/.pdd/worktrees/change-issue-523	/review  https://github.com/promptdriven/pdd_cloud/pull/767
FEATURE	bcabd0c3-b2ef-4472-b485-2ad872e19519	2026-03-23T15:06:37.019000	2026-03-23T15:11:42.675000	2	4	0	<LOCAL_WORKSPACE>/pdd_cloud/.pdd/worktrees/change-issue-523	/review https://github.com/promptdriven/pdd_cloud/pull/752
FEATURE	2d89752d-77da-402a-a4d3-d7300040a844	2026-03-23T15:07:12.189000	2026-03-24T09:36:20.289000	16	4	0	<LOCAL_WORKSPACE>/pdd_cloud/.pdd/worktrees/change-issue-523	https://github.com/promptdriven/pdd_cloud/pull/752 review this pr and issue associsated with it and see any problems with it, basically fully reivew this pr end to end
FEATURE	0f888484-1505-4318-9168-0433859b13d6	2026-03-23T15:19:59.407000	2026-03-23T15:23:42.441000	4	4	0	<LOCAL_WORKSPACE>/pdd_cloud/.pdd/worktrees/change-issue-523	https://github.com/promptdriven/pdd_cloud/pull/752 review this pr and issue associsated with it and see any problems   with it, basically fully reivew this pr end to end
FEATURE	45106782-7794-4fdf-853f-4869b2292961	2026-03-23T15:20:49.700000	2026-03-24T09:53:18.330000	46	4	0	<LOCAL_WORKSPACE>/pdd_cloud/.pdd/worktrees/change-issue-523	i want you to look at issue gltanaka/pdd#933, and firstly see the issue read it well, go through the issue, and also the        relevant
FEATURE	bd24c566-15da-48fd-99cc-63fa95b7749c	2026-03-23T15:25:18.253000	2026-03-23T15:25:18.253000	1	4	0	<LOCAL_WORKSPACE>/pdd_cloud/.pdd/worktrees/change-issue-523	https://github.com/promptdriven/pdd_cloud/pull/752 review this pr and issue associsated with it and see any problems
FEATURE	ba45973a-e233-4e2c-adc3-839f587db121	2026-03-23T15:54:44.992000	2026-03-23T15:54:44.992000	1	4	0	<LOCAL_WORKSPACE>/pdd_cloud/.pdd/worktrees/change-issue-523	[Pasted text #1 +4 lines] 5b1fb3189
FEATURE	57cb1675-abe7-4035-bafa-fd41bf8b660d	2026-03-23T16:01:51.777000	2026-03-23T16:07:53.793000	2	4	0	<LOCAL_WORKSPACE>/pdd_cloud/.pdd/worktrees/change-issue-523	bd7734e09 commit, [Pasted text #1 +8 lines]
FEATURE	6f99e7d9-f39a-42f9-bb49-a9b162e81f7e	2026-03-23T16:13:11.068000	2026-03-24T12:02:27.514000	62	8	0	<LOCAL_WORKSPACE>/pdd_cloud/.pdd/worktrees/change-issue-523	i am working on a new pdd feature pdd-issue and all the work is in 523 worktree and branch i want you to go through all of it, you can do git diff to know how exactly this feature is made, but i am ha
FEATURE	4880d518-9863-48f5-9bf8-b35994648442	2026-03-23T16:35:11.230000	2026-03-23T16:35:11.230000	1	4	0	<LOCAL_WORKSPACE>/pdd_cloud/.pdd/worktrees/change-issue-523	i want you to look at issue 937 of gltanka, and firstly see the issue read it well, go through the issue, and also the        relevant
FEATURE	7fd56233-62ba-4420-b331-a2b74205907e	2026-03-23T16:35:25.175000	2026-03-23T16:35:25.175000	1	4	0	<LOCAL_WORKSPACE>/pdd_cloud/.pdd/worktrees/change-issue-523	i want you to look at issue 938 of gltanka, and firstly see the issue read it well, go through the issue, and also the        relevant
FEATURE	9ae68116-1052-402a-9440-0e7948485d2e	2026-03-23T18:29:25.540000	2026-03-24T09:36:17.711000	9	4	0	<LOCAL_WORKSPACE>/pdd_cloud/.pdd/worktrees/change-issue-523	review this pr  https://github.com/gltanaka/pdd/pull/941 end to end and also the issue associated with it and comment on it, how good it is, also if anything is hardcoded, is prompt specific to a lang
FEATURE	7d4772d2-81dd-4581-bdfc-e37de7a14878	2026-03-23T20:48:15.192000	2026-03-23T20:48:15.192000	1	5	0	<LOCAL_WORKSPACE>/pdd_cloud/.pdd/worktrees/change-issue-523	can you resolve conflicts of this pr https://github.com/promptdriven/pdd_cloud/pull/524 also preger main over pr, but let me know if there is something we actually we want to replace our original
FEATURE	9280e63c-3162-45be-8559-cf55ade75706	2026-03-24T11:11:25.764000	2026-03-24T11:17:31.076000	2	5	0	<LOCAL_WORKSPACE>/pdd_cloud/.pdd/worktrees/change-issue-523	/pr-comments https://github.com/promptdriven/pdd_cloud/pull/524
FEATURE	a23e3c66-29f2-4e01-9a9f-858257dc193c	2026-03-24T11:11:43.517000	2026-03-24T11:27:11.565000	3	6	0	<LOCAL_WORKSPACE>/pdd_cloud/.pdd/worktrees/change-issue-523	https://github.com/promptdriven/pdd_cloud/pull/524 this pr is failing github checks help me with that
FEATURE	2e867b4d-8407-4194-a478-ed5bcb0ae1fd	2026-03-24T11:48:27.523000	2026-03-24T13:00:32.088000	5	6	0	<LOCAL_WORKSPACE>/pdd_cloud/.pdd/worktrees/change-issue-523	https://github.com/promptdriven/pdd_cloud/pull/524 fully review this pr end to end, and see if any incosistances with main upstream, anything wrong, missing, this pr adds a new feature autonomous solv
FEATURE	e42e65c5-9f4e-458a-b179-68b2312eed9f	2026-03-24T13:25:28.421000	2026-03-24T13:41:03.757000	6	4	0	<LOCAL_WORKSPACE>/pdd_cloud/.pdd/worktrees/change-issue-523	https://github.com/gltanaka/pdd/pull/926 review this pr end to end and see the issue associated with it, fully review it and also see why this pr should not be merged
FEATURE	26e5cbfe-4371-4f10-9d28-2613abe085df	2026-03-24T13:29:43.603000	2026-03-24T13:54:59.365000	3	4	0	<LOCAL_WORKSPACE>/pdd_cloud/.pdd/worktrees/change-issue-523	https://github.com/gltanaka/pdd/pull/955 reivew this pr end to end and see the issue associated with it, and see if there is any   hardcoded stuff, meaning if its just trying to solve a particular iss
FEATURE	55965a5d-e2b4-4719-9b6a-397b4974bc9e	2026-03-24T13:30:03.085000	2026-03-24T13:38:10.609000	3	4	0	<LOCAL_WORKSPACE>/pdd_cloud/.pdd/worktrees/change-issue-523	https://github.com/gltanaka/pdd/pull/956 reivew this pr end to end and see the issue associated with it, and see if there is any   hardcoded stuff, meaning if its just trying to solve a particular iss
FEATURE	2c1535e0-d849-4c40-96c4-d397fa1ba07f	2026-03-24T13:33:47.379000	2026-03-24T13:38:42.649000	2	4	0	<LOCAL_WORKSPACE>/pdd_cloud/.pdd/worktrees/change-issue-523	https://github.com/gltanaka/pdd/pull/926 commit 9f6d61522 reivew this pr end to end and see the issue associated with it, and see if there is any   hardcoded stuff, meaning if its just trying to solve
FEATURE	572b8480-dc38-4d45-b2e0-b926a6fcce59	2026-03-24T13:36:47.895000	2026-03-24T13:36:47.895000	1	5	0	<LOCAL_WORKSPACE>/pdd_cloud/.pdd/worktrees/change-issue-523	i want you fully review this pr https://github.com/promptdriven/pdd_cloud/pull/524 commit d31c0f43e86999169ecd3def0df484c19ffe0283 reivew this pr end to end and see the issue associated with it, and s
FEATURE	676df738-6750-4f2a-b061-355f4889b5cb	2026-03-24T13:42:16.125000	2026-03-24T13:47:33.019000	3	4	0	<LOCAL_WORKSPACE>/pdd_cloud/.pdd/worktrees/change-issue-523	[Pasted text #1 +8 lines] any reason this pr should not be merged https://github.com/gltanaka/pdd/pull/926
FEATURE	cfcd34bd-7175-4559-82a4-0d26d2f11d36	2026-03-24T13:43:28.598000	2026-03-24T13:49:53.741000	3	4	0	<LOCAL_WORKSPACE>/pdd_cloud/.pdd/worktrees/change-issue-523	[Pasted text #2 +14 lines]955
FEATURE	3313b57a-9ee5-4ce3-ad7d-c34cbf2f72b5	2026-03-24T13:46:40.431000	2026-03-24T14:12:12.830000	4	5	0	<LOCAL_WORKSPACE>/pdd_cloud/.pdd/worktrees/change-issue-523	[Pasted text #1 +14 lines]https://github.com/promptdriven/pdd_cloud/pull/524
FEATURE	a5915daf-e447-4346-87f2-0055e0109d5f	2026-03-24T13:51:13.315000	2026-03-24T14:00:26.255000	2	6	0	<LOCAL_WORKSPACE>/pdd_cloud/.pdd/worktrees/change-issue-523	https://github.com/promptdriven/pdd_cloud/pull/524 can you check any junk files not realted to pdd-issue we should remove
FEATURE	2f24faf2-1411-4deb-8152-84c22e1a990f	2026-03-24T14:00:59.804000	2026-03-24T16:04:06.511000	14	4	0	<LOCAL_WORKSPACE>/pdd_cloud/.pdd/worktrees/change-issue-523	[Pasted text #1 +3 lines]
FEATURE	2bb3cbb5-af51-4bc3-b254-6cf8897a4ecb	2026-03-24T14:06:01.707000	2026-03-24T14:09:41.290000	2	1	0	<LOCAL_WORKSPACE>/pdd_cloud	review https://github.com/promptdriven/pdd_cloud/pull/776 [Pasted text #2 +14 lines]
FEATURE	a56ec4ba-10fc-4bef-a2cb-19f6832cf9e0	2026-03-24T14:13:01.602000	2026-03-24T14:50:23.619000	3	5	0	<LOCAL_WORKSPACE>/pdd_cloud/.pdd/worktrees/change-issue-523	review https://github.com/promptdriven/pdd_cloud/pull/524 [Pasted text #1 +14 lines]
FEATURE	19b40ad4-633c-4651-b21c-ef8d49517383	2026-03-24T14:13:16.977000	2026-03-24T14:13:16.977000	1	5	0	<LOCAL_WORKSPACE>/pdd_cloud/.pdd/worktrees/change-issue-523	review review https://github.com/promptdriven/pdd_cloud/pull/524 [Pasted text #1 +3 lines]
FEATURE	60fc010f-67d1-4104-99c5-6b92d34d35e7	2026-03-24T14:54:03.027000	2026-03-24T15:10:47.602000	11	4	0	<LOCAL_WORKSPACE>/pdd_cloud/.pdd/worktrees/change-issue-523	https://github.com/promptdriven/pdd_cloud/issues/782 what pdd command should i use for this
FEATURE	e4c6fbf5-6664-44a7-b27f-77f69bddf936	2026-03-24T16:09:55.757000	2026-03-24T16:48:53.616000	5	4	0	<LOCAL_WORKSPACE>/pdd_cloud/.pdd/worktrees/change-issue-523	/pr-comments https://github.com/gltanaka/pdd/pull/956
FEATURE	1764ac52-94a7-4803-9fe0-04d264bad472	2026-03-24T16:11:43.769000	2026-03-24T16:45:45.959000	13	5	0	<LOCAL_WORKSPACE>/pdd_cloud/.pdd/worktrees/change-issue-523	https://github.com/gltanaka/pdd/pull/955 for this commit is this pdd/agentic_e2e_fix_orchestrator.py not hardcoded what you think and what should have been done
FEATURE	a1b01aa9-5c19-47c5-b100-7fdb071b8f58	2026-03-24T16:12:38.541000	2026-03-24T18:19:14.495000	20	4	0	<LOCAL_WORKSPACE>/pdd_cloud/.pdd/worktrees/change-issue-523	/pr-comments https://github.com/gltanaka/pdd/pull/926
FEATURE	8dae23a7-667d-40af-81ad-d23443e1ec55	2026-03-24T17:07:43.881000	2026-03-24T17:11:18.020000	2	5	0	<LOCAL_WORKSPACE>/pdd_cloud/.pdd/worktrees/change-issue-523	https://github.com/promptdriven/pdd_cloud/pull/524 see if copiliot comments were addressed i dont remember if we did or not, can you verify
FEATURE	5dbb42bd-7e27-4775-959d-d9eda2077a80	2026-03-24T17:15:57.142000	2026-03-24T18:47:05.459000	9	4	0	<LOCAL_WORKSPACE>/pdd_cloud/.pdd/worktrees/change-issue-523	i had a faulure on test=pr-955 <LOCAL_WORKSPACE>/pdd-gltanaka/.pdd/worktrees/test-pr-955/test-results/cloud-batch-results.md report, can you help me investigate why there failures
FEATURE	2e9875f9-13eb-4eff-9c37-38b202d741d5	2026-03-24T17:52:16.111000	2026-03-24T18:11:48.405000	3	5	0	<LOCAL_WORKSPACE>/pdd_cloud/.pdd/worktrees/change-issue-523	[Pasted text #1 +14 lines] and see if this pr is ready to be merged https://github.com/promptdriven/pdd_cloud/pull/524
FEATURE	bdb9c9f6-0d37-4a17-abfc-b2c31e53e6fe	2026-03-24T17:53:04.799000	2026-03-24T18:00:17.184000	2	5	0	<LOCAL_WORKSPACE>/pdd_cloud/.pdd/worktrees/change-issue-523	https://github.com/promptdriven/pdd_cloud/pull/524 review this [Pasted text #1 +20 lines]
FEATURE	549494ab-b07c-42b9-a69f-548d1df2398e	2026-03-24T18:11:24.640000	2026-03-24T18:11:24.640000	1	4	0	<LOCAL_WORKSPACE>/pdd_cloud/.pdd/worktrees/change-issue-523	[Pasted text #1 +14 lines]
FEATURE	22d3d9ed-96be-41a6-af1c-6c6707de5d70	2026-03-24T18:11:32.610000	2026-03-24T18:11:32.610000	1	4	0	<LOCAL_WORKSPACE>/pdd_cloud/.pdd/worktrees/change-issue-523	[Pasted text #1 +28 lines]
FEATURE	fcb1cb15-8064-4199-a61a-bc7123e08501	2026-03-24T18:12:36.388000	2026-03-24T18:12:36.388000	1	4	0	<LOCAL_WORKSPACE>/pdd_cloud/.pdd/worktrees/change-issue-523	[Pasted text #1 +57 lines]
FEATURE	40fb24b5-750f-4fd5-95f8-dc8c40c405a8	2026-03-24T18:12:46.153000	2026-03-24T18:12:46.153000	1	4	0	<LOCAL_WORKSPACE>/pdd_cloud/.pdd/worktrees/change-issue-523	[Pasted text #1 +57 lines]
FEATURE	cff5bc5c-50de-4c87-a1d2-aa310d7875e6	2026-03-24T18:20:11.276000	2026-03-24T18:58:33.302000	7	9	0	<LOCAL_WORKSPACE>/pdd_cloud/.pdd/worktrees/change-issue-523	can you review my new feature which is autonomous solving, pdd-issue its a new feature i build and its almost ready i want you to fully understand it go through existing pdd fully its a addition to gi
FEATURE	24f4c798-85e9-4dff-9657-322e9f13347e	2026-03-24T18:44:57.788000	2026-03-24T18:44:57.788000	1	4	0	<LOCAL_WORKSPACE>/pdd_cloud/.pdd/worktrees/change-issue-523	/exit
FEATURE	a7ce89d2-ccd0-4b51-b202-43b4c784a6bd	2026-03-24T18:46:23.971000	2026-03-24T18:46:23.971000	1	4	0	<LOCAL_WORKSPACE>/pdd_cloud/.pdd/worktrees/change-issue-523	https://github.com/gltanaka/pdd/pull/955 i was trying to run make cloud-test but its failing everytime can you help me fix it
FEATURE	6368605b-4e6e-42dd-8955-869ff2e0dd05	2026-03-24T19:00:15.612000	2026-03-24T19:00:15.612000	1	4	0	<LOCAL_WORKSPACE>/pdd_cloud/.pdd/worktrees/change-issue-523	https://github.com/gltanaka/pdd/pull/955 [Pasted text #1 +14 lines]
FEATURE	473cb8fa-352f-4de7-a1fa-9bf11935eb42	2026-03-24T19:00:49.777000	2026-03-24T19:24:31.994000	4	4	0	<LOCAL_WORKSPACE>/pdd_cloud/.pdd/worktrees/change-issue-523	https://github.com/gltanaka/pdd/pull/955 why this pr should not be merged
FEATURE	bbb24e8a-3b58-4333-96eb-f4f553cd33d8	2026-03-24T19:24:40.589000	2026-03-24T19:24:40.589000	1	4	0	<LOCAL_WORKSPACE>/pdd_cloud/.pdd/worktrees/change-issue-523	review https://github.com/gltanaka/pdd/pull/955   [Pasted text #1 +28 lines]
FEATURE	7e148dfb-a72f-4e21-b8d9-045c81533a71	2026-03-25T09:25:42.384000	2026-03-26T20:06:53.916000	91	14	0	<LOCAL_WORKSPACE>/pdd_cloud/.pdd/worktrees/change-issue-523	we were building a new feature autonomus solver, pdd-issue i made a pr sent to review for review, but there were review concerns, i want you to go through existing github app commands for pdd, and my
FEATURE	d25af990-c463-448a-9aca-a67ef28d7eeb	2026-03-25T10:04:48.174000	2026-03-26T09:20:59.364000	44	4	0	<LOCAL_WORKSPACE>	go through this issue https://github.com/promptdriven/pdd_cloud/issues/671 and see the pr associated with it, the first commit is by pdd bug, i want you to analyse and evaluate both performance how th
FEATURE	65a57d8a-c1e0-401c-9aa7-10dee0cfb45a	2026-03-25T10:11:56.570000	2026-03-25T10:18:14.403000	4	4	0	<LOCAL_WORKSPACE>/pdd_cloud/.pdd/worktrees/change-issue-523	[Pasted text #1 +7 lines] i am giving Claude this prompt tell me how good this prompt is, if any way i can improve it basically i want it to run pdd commands to solve issues, but at same time catch wh
FEATURE	3792ca34-ab33-4726-bdea-0399550ebb6c	2026-03-25T10:12:35.203000	2026-03-25T10:44:20.264000	3	7	0	<LOCAL_WORKSPACE>/pdd_cloud/.pdd/worktrees/change-issue-523	look at pr 524 and the issue https://github.com/promptdriven/pdd_cloud/issues/782 and see if the issue has been resolved in the pr, if it did, how good you think the soluton is and if any improvement
FEATURE	970f3544-30c3-4577-947e-5f28402eb385	2026-03-25T10:16:01.093000	2026-03-25T10:24:23.528000	3	4	0	<LOCAL_WORKSPACE>/pdd_cloud/.pdd/worktrees/change-issue-523	can you find any duplicates in pdd_cloud, pdd public repo and gltanka issues created by me, some were even merged and their duplicates are still open can you find all and create a list, i want to clea
FEATURE	d2223fe5-e76b-45ed-b955-2b6b250623c0	2026-03-25T10:47:56.151000	2026-03-25T11:15:38.642000	5	4	0	<LOCAL_WORKSPACE>/pdd_cloud/.pdd/worktrees/change-issue-523	look at this issue https://github.com/promptdriven/pdd/issues/722 and see if you can find a duplicate somehwere for it with body as well
FEATURE	91da0f3a-4213-4f92-86ad-92e05d1a530e	2026-03-25T11:35:16.279000	2026-03-25T11:38:33.799000	2	4	0	<LOCAL_WORKSPACE>/pdd_cloud/.pdd/worktrees/change-issue-523	https://github.com/gltanaka/pdd/pull/956  [Pasted text #1 +33 lines]
FEATURE	ea0bbd3b-4015-482c-a9ee-e6d487371625	2026-03-25T11:40:08.924000	2026-03-25T12:35:49.227000	12	4	0	<LOCAL_WORKSPACE>/pdd_cloud/.pdd/worktrees/change-issue-523	[Pasted text #1 +63 lines]
FEATURE	ca3efcba-cf4e-4060-b29a-5bc8fef8ac91	2026-03-25T11:50:38.263000	2026-03-25T11:50:38.263000	1	4	0	<LOCAL_WORKSPACE>/pdd_cloud/.pdd/worktrees/change-issue-523	[Pasted text #1 +126 lines]
FEATURE	2d1598b4-1efd-4f58-9231-f6f6fd420a80	2026-03-25T11:50:56.481000	2026-03-25T11:50:56.481000	1	4	0	<LOCAL_WORKSPACE>/pdd_cloud/.pdd/worktrees/change-issue-523	https://github.com/gltanaka/pdd/pull/956  why this pr should not be merged
FEATURE	d2250f80-4ae2-414b-9939-95faaa8d9f7c	2026-03-25T12:06:08.254000	2026-03-25T12:06:08.254000	1	4	0	<LOCAL_WORKSPACE>/pdd_cloud/.pdd/worktrees/change-issue-523	[Pasted text #1 +126 lines]
FEATURE	49a68ed7-ca7b-4752-91f6-bb509b9187f3	2026-03-25T12:06:23.945000	2026-03-25T12:06:23.945000	1	4	0	<LOCAL_WORKSPACE>/pdd_cloud/.pdd/worktrees/change-issue-523	why this pr should not be merged https://github.com/gltanaka/pdd/pull/956
FEATURE	3b2cb57e-11fd-4f5d-bde1-5597155d6c64	2026-03-25T12:38:09.246000	2026-03-25T13:33:04.817000	6	4	0	<LOCAL_WORKSPACE>/pdd_cloud/.pdd/worktrees/change-issue-523	pull request 524 [Pasted text #1 +35 lines]
FEATURE	274b7009-30d0-4642-9ca4-518b86411ecd	2026-03-25T13:33:11.142000	2026-03-25T13:33:19.896000	2	4	0	<LOCAL_WORKSPACE>/pdd_cloud/.pdd/worktrees/change-issue-523	[Pasted text #1 +49 lines]
FEATURE	5b321036-359a-4103-9850-da7aaf009283	2026-03-25T13:45:08.079000	2026-03-25T18:01:27.715000	12	4	0	<LOCAL_WORKSPACE>/pdd_cloud/.pdd/worktrees/change-issue-523	go through my recent PRs that received review comments; analyze why my PRs are not fully ready, and identify recurring feedback, the standard is to make PRs fully ready, the workflow uses
FEATURE	f7e71bbe-8e6c-48e4-8459-86156340edbd	2026-03-25T13:47:44.182000	2026-03-25T13:47:44.182000	1	4	0	<LOCAL_WORKSPACE>/pdd_cloud/.pdd/worktrees/change-issue-523	pull request 524 [Pasted text #1 +34 lines]
FEATURE	e758299b-f459-4416-b747-8ed4d241cf81	2026-03-25T13:55:24.802000	2026-03-25T13:55:24.802000	1	4	0	<LOCAL_WORKSPACE>/pdd_cloud/.pdd/worktrees/change-issue-523	pull request 524[Pasted text #1 +34 lines]
FEATURE	083b2e76-00cc-49f3-a7ea-bcdd284bbb8d	2026-03-25T14:18:53.577000	2026-03-25T15:07:34.829000	11	1	0	<LOCAL_WORKSPACE>	I saw that the github app is not working, but i am using it its working, can you investigate why its not working in that environment but working in one environment on pdd_cloud,  is it because i am worki
FEATURE	a0e44edc-cac0-4984-a094-417cbe03cbc4	2026-03-25T14:21:08.593000	2026-03-25T14:44:37.590000	3	4	0	<LOCAL_WORKSPACE>/pdd_cloud/.pdd/worktrees/change-issue-523	/loop https://github.com/gltanaka/pdd/pull/965  [Pasted text #1 +140 lines]
FEATURE	f24bda3b-4672-4c15-afd1-94b534b6be63	2026-03-25T14:28:52.120000	2026-03-25T14:28:52.120000	1	4	0	<LOCAL_WORKSPACE>/pdd_cloud/.pdd/worktrees/change-issue-523	https://github.com/gltanaka/pdd/pull/965 [Pasted text #2 +140 lines]
FEATURE	28160204-a1b4-4428-a6a0-38954c722eb9	2026-03-25T14:39:18.236000	2026-03-25T14:39:18.236000	1	4	0	<LOCAL_WORKSPACE>/pdd_cloud/.pdd/worktrees/change-issue-523	https://github.com/gltanaka/pdd/pull/965 [Pasted text #1 +34 lines]
FEATURE	b6664d07-a0c4-4b3a-a656-4887401dbb34	2026-03-25T14:43:20.453000	2026-03-25T14:43:20.453000	1	4	0	<LOCAL_WORKSPACE>/pdd_cloud/.pdd/worktrees/change-issue-523	https://github.com/gltanaka/pdd/pull/965 why this pr should not be merged
FEATURE	bb29fbec-1659-4e7f-8af1-8add7117bbc5	2026-03-26T09:14:10.501000	2026-03-26T11:45:11.835000	8	4	0	<LOCAL_WORKSPACE>/pdd_cloud/.pdd/worktrees/change-issue-523	[Image #1]i see this not real users on primpt driven, can you dig deep and help me create issue on this
FEATURE	473dd10b-dfeb-43cf-bff8-93abd79e549e	2026-03-26T09:20:17.655000	2026-03-26T09:25:33.852000	2	4	0	<LOCAL_WORKSPACE>/pdd_cloud/.pdd/worktrees/change-issue-523	https://github.com/promptdriven/pdd_cloud/issues/787 can you see this issue and if its a real issue and how to fix it
FEATURE	0ff1f26a-50b0-4a15-af9e-ff0912062c4d	2026-03-26T10:03:58.340000	2026-03-26T15:11:52.291000	44	1	0	<LOCAL_WORKSPACE>	look at this issue https://github.com/promptdriven/pdd_cloud/issues/787 and dig deep, treat this report as unverified and investigate it from first principles
FEATURE	3f82fdc6-8750-4a6c-9ca0-1f6b07b730b0	2026-03-26T10:10:02.480000	2026-03-26T11:40:32.822000	15	4	0	<LOCAL_WORKSPACE>/pdd_cloud/.pdd/worktrees/change-issue-523	https://github.com/promptdriven/pdd/issues/725 look at this issue its a duplicate there is another one with a body find it and explain the issue and how to solve it, and if there is a pr alre
FEATURE	abf4626e-4402-4a2d-ab1d-7cafa9d0e918	2026-03-26T10:40:17.015000	2026-03-26T14:23:34.932000	25	1	0	<LOCAL_WORKSPACE>	https://github.com/gltanaka/pdd/issues/974 [Pasted text #1 +36 lines]
FEATURE	391fe7d7-0e38-4760-8549-af371b3aafc4	2026-03-26T11:41:39.414000	2026-03-26T11:43:57.834000	2	4	0	<LOCAL_WORKSPACE>/pdd_cloud/.pdd/worktrees/change-issue-523	https://github.com/gltanaka/pdd/pull/941 do we really need this pr, is anything wrong with it, anything hardcoded, whats wrong witht this pr
FEATURE	a0cff248-23a9-480a-89a1-216ee3fb9557	2026-03-26T11:41:45.034000	2026-03-26T11:44:11.210000	2	4	0	<LOCAL_WORKSPACE>/pdd_cloud/.pdd/worktrees/change-issue-523	https://github.com/gltanaka/pdd/pull/941 why this pr should not be merged
FEATURE	573a6d3a-e096-4aec-ab46-9d5b18741168	2026-03-26T11:41:55.416000	2026-03-26T11:41:55.416000	1	4	0	<LOCAL_WORKSPACE>/pdd_cloud/.pdd/worktrees/change-issue-523	https://github.com/gltanaka/pdd/pull/941 [Pasted text #1 +84 lines]
FEATURE	9b28ef10-ce4f-407c-b52e-97d603101026	2026-03-26T11:42:08.576000	2026-03-26T11:42:08.576000	1	4	0	<LOCAL_WORKSPACE>/pdd_cloud/.pdd/worktrees/change-issue-523	https://github.com/gltanaka/pdd/pull/941 [Pasted text #1 +34 lines]
FEATURE	50905ef5-0074-4b44-8e63-79a346a4e67c	2026-03-26T11:46:11.117000	2026-03-26T11:48:16.448000	3	4	0	<LOCAL_WORKSPACE>/pdd_cloud/.pdd/worktrees/change-issue-523	https://github.com/gltanaka/pdd/pull/941 do we really need this pr, is anything wrong with it, anything hardcoded, whats wrong     witht this pr
FEATURE	bcff72fb-4619-46a8-a974-e506a1c68bbe	2026-03-26T11:46:23.191000	2026-03-26T11:59:31.232000	3	4	0	<LOCAL_WORKSPACE>/pdd_cloud/.pdd/worktrees/change-issue-523	https://github.com/gltanaka/pdd/pull/941 why this pr should not be merged
FEATURE	f7faad86-9379-4e46-96d2-a9ac12d0915a	2026-03-26T11:59:47.121000	2026-03-26T12:09:03.422000	3	4	0	<LOCAL_WORKSPACE>/pdd_cloud/.pdd/worktrees/change-issue-523	https://github.com/gltanaka/pdd/pull/941 do we really need this pr, is anything wrong with it, anything hardcoded, whats wrong
FEATURE	da696606-1a43-4820-94e5-c17ac8b6d4c6	2026-03-26T12:00:01.094000	2026-03-26T12:01:48.749000	2	4	0	<LOCAL_WORKSPACE>/pdd_cloud/.pdd/worktrees/change-issue-523	https://github.com/gltanaka/pdd/pull/941 why this pr should not be merged
FEATURE	469b7498-eb30-46e8-b7c5-a004fbc8d7a2	2026-03-26T12:10:36.486000	2026-03-26T12:10:36.486000	1	4	0	<LOCAL_WORKSPACE>/pdd_cloud/.pdd/worktrees/change-issue-523	[Pasted text #1 +4 lines]
FEATURE	c6a797a9-d0d1-41b9-93d4-ca1e4c161e33	2026-03-26T12:55:20.364000	2026-03-26T12:57:58.604000	4	4	0	<LOCAL_WORKSPACE>/pdd_cloud/.pdd/worktrees/change-issue-523	https://github.com/gltanaka/pdd/pull/941 is this pr really needed for pdd?
FEATURE	5efc0ba2-0fcf-499b-a257-5cbc5254bd76	2026-03-26T13:00:40.867000	2026-03-26T13:24:21.732000	9	4	0	<LOCAL_WORKSPACE>/pdd_cloud/.pdd/worktrees/change-issue-523	https://github.com/gltanaka/pdd/pull/941 is this pr really needed for pdd?
FEATURE	04fcc11b-e2a4-480b-ac7f-8277ff93d33d	2026-03-26T13:03:54.772000	2026-03-26T13:03:54.772000	1	4	0	<LOCAL_WORKSPACE>/pdd_cloud/.pdd/worktrees/change-issue-523	https://github.com/gltanaka/pdd/pull/941 is this pr really needed for pdd?
FEATURE	16da3c9d-8967-40b2-a186-6ce232cfe22d	2026-03-26T13:27:28.759000	2026-03-26T14:15:30.199000	13	4	0	<LOCAL_WORKSPACE>/pdd_cloud/.pdd/worktrees/change-issue-523	https://github.com/gltanaka/pdd/pull/941 do we really need this pr, why should this not be merged?
FEATURE	d787fb8f-751e-4915-ad80-e2d95499fdd5	2026-03-26T16:20:49.857000	2026-03-26T16:26:34.428000	5	4	0	<LOCAL_WORKSPACE>/pdd_cloud/.pdd/worktrees/change-issue-523	why this pr should not be merged https://github.com/gltanaka/pdd/pull/941
FEATURE	4234c75a-2447-4f95-811f-7a499f019b80	2026-03-26T16:27:51.671000	2026-03-26T16:34:04.530000	5	4	0	<LOCAL_WORKSPACE>/pdd_cloud/.pdd/worktrees/change-issue-523	why this pr should not be merged https://github.com/gltanaka/pdd/pull/941
FEATURE	0aa4348b-368c-4d90-a127-e1b6b945a438	2026-03-26T16:34:43.007000	2026-03-26T16:48:15.458000	6	4	0	<LOCAL_WORKSPACE>/pdd_cloud/.pdd/worktrees/change-issue-523	why this pr should not be merged https://github.com/gltanaka/pdd/pull/941
FEATURE	06db676d-fb27-4384-ba67-78e739cea689	2026-03-26T19:43:59.764000	2026-03-26T19:43:59.764000	1	4	0	<LOCAL_WORKSPACE>/pdd_cloud/.pdd/worktrees/change-issue-523	/resume
FEATURE	12ac2b96-7491-4a41-a0d9-4102028f13aa	2026-03-27T10:17:31.550000	2026-03-27T13:39:17.451000	8	1	0	<LOCAL_WORKSPACE>	https://github.com/promptdriven/pdd_cloud/pull/524 why this pr should not be merged, any problems also reabse it with origin main and sync with github ]
FEATURE	b4c7290f-4201-40ec-a1c9-5d9102e92ea9	2026-03-27T10:29:13.183000	2026-03-27T11:09:23.057000	3	4	0	<LOCAL_WORKSPACE>/pdd_cloud/.pdd/worktrees/change-issue-523	there is a new person in our pdd team, the goal is best way to understand all of pdd is to use pdd so the task is to create a simple app so that a user can run pdd and see how it works so it can un
FEATURE	be55d709-f52f-48d3-b0fb-0c0dcbb831a2	2026-03-27T11:37:05.112000	2026-03-27T14:57:41.259000	4	4	0	<LOCAL_WORKSPACE>/pdd_cloud/.pdd/worktrees/change-issue-523	recently my PRs keep receiving review comments, i think merge standards are stricter now, although the PR review workflow uses Claude, and i am not sure what the review prompt says but ever
FEATURE	bcc0e7c6-53ce-458a-8d2c-0caa9b4a0e7e	2026-03-27T11:38:26.197000	2026-03-27T11:47:08.521000	2	4	0	<LOCAL_WORKSPACE>/pdd_cloud/.pdd/worktrees/change-issue-523	[Pasted text #1 +6 lines] the PR review workflow uses Claude, it reviews find problems fix commit and do this in a loop until its 100% as Claude will not make the pr 100% in one run, so b
FEATURE	958a41a8-c9d1-4757-b4d5-71e17bf436d8	2026-03-27T14:43:22.192000	2026-03-27T14:44:55.292000	2	5	0	<LOCAL_WORKSPACE>/pdd_cloud/.pdd/worktrees/change-issue-523	find me an issue i can work on in public repo of pdd, basically there is a new guy in our team, i have to walk that environment through how to use pdd, so i want you to help me pick an issue, which i can use to gui
FEATURE	ba5f31de-c7d1-4478-8050-271870d44339	2026-03-27T15:06:12.676000	2026-03-27T15:06:12.676000	1	4	0	<LOCAL_WORKSPACE>/pdd_cloud/.pdd/worktrees/change-issue-523	https://github.com/gltanaka/pdd/pull/982 [Pasted text #1 +106 lines]
FEATURE	3e64f7dd-8d0d-4d96-9225-e8ad9e2aaa33	2026-03-27T15:06:25.495000	2026-03-27T15:10:22.146000	4	4	0	<LOCAL_WORKSPACE>/pdd_cloud/.pdd/worktrees/change-issue-523	https://github.com/gltanaka/pdd/pull/982 is this pr we really need?
FEATURE	34b9bd16-6a5c-4a81-a7e0-62e6bb58a84d	2026-03-27T15:08:27.381000	2026-03-27T19:26:28.259000	48	11	0	<LOCAL_WORKSPACE>	gltanaka/pdd#985 look at this issue and do you think is this realy a good issue, what        would you rate it, do deep investigation on the issue and the codebase and see if its         false or real
FEATURE	fec715a0-c1ce-4d8e-999e-c8d13f9b5733	2026-03-27T15:13:19.584000	2026-03-27T17:09:43.032000	4	2	0	<LOCAL_WORKSPACE>	look at these prompts i had these before pdd-issue now it replaces these all create me a master prompt for pdd-issue now [Pasted text #1 +75 lines][Pasted text #2 +111 lines] before making it make sur
FEATURE	c97d56cc-75ef-4c31-9dbb-9c97e74f0708	2026-03-27T15:18:50.121000	2026-03-27T15:22:45.423000	2	4	0	<LOCAL_WORKSPACE>/pdd_cloud/.pdd/worktrees/change-issue-523	why this pr should not be merged as it is   https://github.com/gltanaka/pdd/pull/982
FEATURE	c8aed8e0-c59c-4215-a3e8-b6c357aa73e4	2026-03-27T15:21:17.870000	2026-03-27T15:21:17.870000	1	4	0	<LOCAL_WORKSPACE>/pdd_cloud/.pdd/worktrees/change-issue-523	why this pr should not be merged as it is                              https://github.com/gltanaka/pdd/pull/982
FEATURE	fe39b1fe-62b5-4625-810d-065b2547d326	2026-03-27T15:25:03.347000	2026-03-27T15:27:03.852000	2	4	0	<LOCAL_WORKSPACE>/pdd_cloud/.pdd/worktrees/change-issue-523	why this pr should not be merged as it is                              https://github.com/gltanaka/pdd/pull/982
FEATURE	b28a752d-eadb-4e80-8ef1-a0a9c157d79b	2026-03-27T15:30:00.419000	2026-03-27T15:44:50.483000	2	4	0	<LOCAL_WORKSPACE>/pdd_cloud/.pdd/worktrees/change-issue-523	why this pr should not be merged as it is                                                                                                      https://github.com/gltanaka/pdd/pull/982
FEATURE	5a851dbf-71c8-41c7-964e-d78586e45005	2026-03-27T16:14:52.050000	2026-03-27T17:32:08.115000	20	8	0	<LOCAL_WORKSPACE>/pdd_cloud/.pdd/worktrees/change-issue-523	https://github.com/promptdriven/pdd_cloud/issues/804 can you look into this issue how would you resolve this issue
FEATURE	a5322d23-0858-46d6-b50d-5b8fddc27b03	2026-03-27T16:19:16.978000	2026-03-27T16:19:16.978000	1	4	0	<LOCAL_WORKSPACE>/pdd_cloud/.pdd/worktrees/change-issue-523	https://github.com/gltanaka/pdd/issues/990 do we really need to solve this issue
FEATURE	a521e8bf-cb7e-456e-aca0-ebc652885cd0	2026-03-27T17:15:00.091000	2026-03-27T18:11:15.063000	24	4	0	<LOCAL_WORKSPACE>/pdd_cloud/.pdd/worktrees/change-issue-523	https://github.com/promptdriven/pdd_cloud/pull/799 this is a pr that got merged, so next time we wont have problem with test user but what to do with existing test user leak we have on prod right now,
FEATURE	0d1c8f5f-c98d-4501-9c81-de0b0041f63f	2026-03-27T18:04:00.501000	2026-03-27T18:38:02.936000	6	4	0	<LOCAL_WORKSPACE>/pdd_cloud/.pdd/worktrees/change-issue-523	can you find me a good issue that is at least 2 weeks old, I want to use it as a good onboarding issue, it should be good, give me few suggestions take your time
FEATURE	19b7a0c8-f19f-444d-baca-cddde31c6037	2026-03-27T18:25:00.032000	2026-03-27T18:27:43.407000	4	5	0	<LOCAL_WORKSPACE>/pdd_cloud/.pdd/worktrees/change-issue-523	https://github.com/promptdriven/pdd/pull/732 a PR appears to overlap with my issue from a week ago when i was making pdd-issue, that was just a problem i was having testin
FEATURE	9f516449-5613-4c90-8dfa-cadef058bf28	2026-03-27T18:28:24.943000	2026-03-27T18:35:18.668000	6	4	0	<LOCAL_WORKSPACE>/pdd_cloud/.pdd/worktrees/change-issue-523	can you find all issues created by me on public repo that are still open
FEATURE	3a25e2c4-9c2b-4890-82cc-b27dd360ac2f	2026-03-27T19:31:10.161000	2026-03-27T19:58:09.205000	8	4	0	<LOCAL_WORKSPACE>/pdd_cloud/.pdd/worktrees/change-issue-523	https://github.com/promptdriven/pdd_cloud/pull/811 do we really need this pr?
FEATURE	ca83afd1-480c-4d7e-8482-f4b178c7ef2e	2026-03-27T19:38:17.128000	2026-03-27T19:39:04.164000	2	4	0	<LOCAL_WORKSPACE>/pdd_cloud/.pdd/worktrees/change-issue-523	https://github.com/promptdriven/pdd_cloud/pull/814 do we really need this pr?
FEATURE	e54aa026-bf81-4630-a700-c63c3da53bd9	2026-03-27T19:44:43.896000	2026-03-27T19:49:05.192000	2	1	0	<LOCAL_WORKSPACE>	can you check on this https://github.com/promptdriven/pdd_cloud/issues/782 issue i think i worked on this and should have been merged with pr 524 can you confirm
MIXED	f2bcc755-1c8e-4e3e-9855-fb4c919bdda9	2026-03-13T04:50:06.161000	2026-03-13T19:54:57.308000	231	25	1	<LOCAL_WORKSPACE>	/model
MIXED	6dd375cf-988c-413f-949a-a8ddcd407126	2026-03-13T19:59:32.181000	2026-03-17T13:09:55.936000	583	78	3	<LOCAL_WORKSPACE>/pdd_cloud/.pdd/worktrees/change-issue-523	/model
MIXED	9b76d6ea-735c-4332-8fba-fe34753e24c6	2026-03-24T14:52:29.507000	2026-03-24T19:32:31.018000	37	11	1	<LOCAL_WORKSPACE>/pdd_cloud/.pdd/worktrees/change-issue-523	so basically this branch is working on a new feature called autonomus solver adding new feature pdd-issue, i had a script which was included in make test-cloud to use it as regression testing for gemi
