timestamp_utc,env,arm,run_number,http_status,generated_code_hash,generated_code_lines,function_count,class_count,syntax_valid,examples_used,total_cost,model_name,response_time_ms
2026-02-14T20:04:43.373437+00:00,prod,grounded,1,200,7159863d677ac8eb,400,25,2,True,ICqQQrD8O5CeWLa2y6fX,0.14925099999999997,vertex_ai/gemini-3-flash-preview,71497
2026-02-14T20:06:03.013185+00:00,prod,grounded,2,200,86fe706ed6501351,442,22,2,True,ICqQQrD8O5CeWLa2y6fX,0.175502,vertex_ai/gemini-3-flash-preview,79628
2026-02-14T20:06:03.390200+00:00,prod,grounded,3,401,EMPTY,0,0,0,False,,0.0,,375
2026-02-14T20:06:03.955291+00:00,prod,grounded,4,401,EMPTY,0,0,0,False,,0.0,,564
2026-02-14T20:06:04.285955+00:00,prod,grounded,5,401,EMPTY,0,0,0,False,,0.0,,329
2026-02-14T20:06:48.502710+00:00,prod,ungrounded,1,0,acac4748b851f825,679,16,1,True,,0.054249,gemini/gemini-3-flash-preview,42781
2026-02-14T20:06:48.732270+00:00,prod,ungrounded,2,0,EMPTY,0,0,0,False,,0.0,gemini/gemini-3-flash-preview,229
2026-02-14T20:06:49.013037+00:00,prod,ungrounded,3,0,EMPTY,0,0,0,False,,0.0,gemini/gemini-3-flash-preview,280
2026-02-14T20:06:49.170046+00:00,prod,ungrounded,4,0,EMPTY,0,0,0,False,,0.0,gemini/gemini-3-flash-preview,156
2026-02-14T20:06:49.384077+00:00,prod,ungrounded,5,0,EMPTY,0,0,0,False,,0.0,gemini/gemini-3-flash-preview,213
2026-02-14T20:08:04.871569+00:00,prod,ungrounded-pdd,1,0,b51f7fd31c01ddae,588,17,1,True,,0.078051,vertex_ai/gemini-3-flash-preview,75477
2026-02-14T20:09:01.242771+00:00,prod,ungrounded-pdd,2,0,566530638b40519c,445,14,1,True,,0.019572,vertex_ai/gemini-3-flash-preview,56364
2026-02-14T20:10:01.992588+00:00,prod,ungrounded-pdd,3,0,0bda3659eb50e25f,480,12,1,True,,0.069009,vertex_ai/gemini-3-flash-preview,60742
2026-02-14T20:11:05.578980+00:00,prod,ungrounded-pdd,4,0,2a7a2f3dd5de5a53,480,13,1,True,,0.049956,vertex_ai/gemini-3-flash-preview,63578
2026-02-14T20:12:02.741015+00:00,prod,ungrounded-pdd,5,0,294a6b49939d3df8,450,15,2,True,,0.038446,vertex_ai/gemini-3-flash-preview,57154
2026-02-14T20:18:42.916719+00:00,prod,grounded,1,200,152be8ad6bc73df2,472,0,0,False,ICqQQrD8O5CeWLa2y6fX,0.169505,vertex_ai/gemini-3-flash-preview,132893
2026-02-14T20:20:01.754615+00:00,prod,grounded,2,200,4420b5ebf70012b6,435,25,2,True,ICqQQrD8O5CeWLa2y6fX,0.185111,vertex_ai/gemini-3-flash-preview,78823
2026-02-14T20:21:24.671321+00:00,prod,grounded,3,200,7276e512664e9576,452,26,2,True,ICqQQrD8O5CeWLa2y6fX,0.048062999999999995,vertex_ai/gemini-3-flash-preview,82905
2026-02-14T20:22:34.862101+00:00,prod,grounded,4,200,44fce8832025374e,385,25,1,True,ICqQQrD8O5CeWLa2y6fX,0.0450415,vertex_ai/gemini-3-flash-preview,70177
2026-02-14T20:23:43.592669+00:00,prod,grounded,5,200,376e468cd4a11c2c,389,23,2,True,ICqQQrD8O5CeWLa2y6fX,0.15768649999999998,vertex_ai/gemini-3-flash-preview,68718
2026-02-14T20:23:58.258546+00:00,prod,ungrounded,1,0,EMPTY,0,0,0,False,,0.0,gemini/gemini-3-flash-preview,392
2026-02-14T20:23:58.516774+00:00,prod,ungrounded,2,0,EMPTY,0,0,0,False,,0.0,gemini/gemini-3-flash-preview,257
2026-02-14T20:23:58.781157+00:00,prod,ungrounded,3,0,EMPTY,0,0,0,False,,0.0,gemini/gemini-3-flash-preview,264
2026-02-14T20:23:59.036552+00:00,prod,ungrounded,4,0,EMPTY,0,0,0,False,,0.0,gemini/gemini-3-flash-preview,255
2026-02-14T20:23:59.301354+00:00,prod,ungrounded,5,0,EMPTY,0,0,0,False,,0.0,gemini/gemini-3-flash-preview,264
2026-02-14T20:24:50.111474+00:00,prod,ungrounded,1,0,EMPTY,0,0,0,False,,0.0,vertex_ai/gemini-3-flash-preview,973
2026-02-14T20:24:50.405391+00:00,prod,ungrounded,2,0,EMPTY,0,0,0,False,,0.0,vertex_ai/gemini-3-flash-preview,293
2026-02-14T20:24:50.707081+00:00,prod,ungrounded,3,0,EMPTY,0,0,0,False,,0.0,vertex_ai/gemini-3-flash-preview,301
2026-02-14T20:24:51.002671+00:00,prod,ungrounded,4,0,EMPTY,0,0,0,False,,0.0,vertex_ai/gemini-3-flash-preview,295
2026-02-14T20:24:51.430405+00:00,prod,ungrounded,5,0,EMPTY,0,0,0,False,,0.0,vertex_ai/gemini-3-flash-preview,427
